{
  "project_info": {
    "project_number": "204209342708",
    "project_id": "voluntariado-app-951d5",
    "storage_bucket": "voluntariado-app-951d5.firebasestorage.app"
  },
  "client": [
    {
      "client_info": {
        "mobilesdk_app_id": "1:204209342708:android:25e5dda362a2acfcb336a1",
        "android_client_info": {
          "package_name": "com.example.voluntariadoapp"
        }
      },
      "oauth_client": [],
      "api_key": [
        {
          "current_key": "AIzaSyAJQ5-HAUQ-AKQDhY5af3_ziwdhzfhJZkI"
        }
      ],
      "services": {
        "appinvite_service": {
          "other_platform_oauth_client": []
        }
      }
    }
  ],
  "configuration_version": "1"
}